time(sec),fold_change
0,1
3.91456310679608,1.08629126213592
91.7126213592232,1.45025242718447
223.316504854369,1.97033009708738
311.300970873786,2.38601941747573
484.473786407767,2.44147572815534
744.139805825243,2.49879611650485
1024.86990291262,2.40139805825243
1370.28349514563,2.25366990291262
1607.95339805825,2.20706796116505
1845.43689320388,2.10873786407767
