time(sec),Fold change 
0,1
41.9580419580418,1.06847607837707
167.832167832168,1.48224053174548
193.006993006993,1.8976666897459
293.706293706294,2.49006439105449
646.153846153846,2.45542484248425
897.902097902098,2.44009416326248
1025.9020979021,2.37054598213871
1275.52447552448,2.29564494911029
1653.14685314685,2.11119573495811
1804.1958041958,1.93048535622793
